{"cameraMode":{"drawMode":0,"name":"Shaded","section":"Shading Mode"},"sceneLighting":true,"audioPlay":false,"sceneViewState":{"showFog":false,"showMaterialUpdate":false,"showSkybox":false,"showFlares":false,"showImageEffects":false,"showParticleSystems":false},"in2DMode":false,"pivot":{"x":97.72000122070313,"y":401.8900146484375,"z":0.0},"rotation":{"x":0.002541452646255493,"y":0.9946514368057251,"z":-0.10061179101467133,"w":0.025038203224539758},"size":81.39410400390625,"orthographic":true}